"ntrees","mtry","OOB_RMSE"
200,16,0.000208533459298477
200,17,0.000207199333972241
200,18,0.00020794334959584
200,19,0.00020858699351792
200,20,0.000209944532066797
200,21,0.000211269790956421
200,22,0.000213255689571526
200,23,0.000213762026026061
200,24,0.000215519468291337
200,25,0.000217512466084321
