"ntrees","mtry","OOB_RMSE"
500,5,0.000261007100951165
500,10,0.00023355337702439
500,15,0.00021414814992359
500,20,0.000209329850665171
500,25,0.000210129879021543
