"ntrees","mtry","OOB_RMSE"
500,5,0.000182091089817373
500,10,0.000171904091446966
500,15,0.000170818264851905
500,20,0.000170110526723427
500,25,0.000169687242245311
500,30,0.000169065876064447
