"ntrees","mtry","OOB_RMSE"
500,5,0.000251210080645762
500,10,0.000223806439733252
500,15,0.000204817014149171
500,20,0.000198273012888681
500,25,0.000198252811415519
