"ntrees","mtry","OOB_RMSE"
200,16,0.000196175721687105
200,17,0.000197129737357287
200,18,0.000197253943973432
200,19,0.000197314527244467
200,20,0.000198646468893216
200,21,0.00019953280221316
200,22,0.000200788378331219
200,23,0.000201455554386706
200,24,0.000202163376438897
200,25,0.000203367604994085
