"ntrees","mtry","OOB_RMSE"
500,5,0.000167198007996987
500,10,0.00015672828471181
500,15,0.000154330592213711
500,20,0.000153501839451632
500,25,0.000152894507363379
500,30,0.00015300437129943
