"ntrees","mtry","OOB_RMSE"
500,5,0.000180913961647778
500,10,0.000169509649725409
500,15,0.000166436393635819
500,20,0.000165221315769972
500,25,0.00016462234693031
500,30,0.000164460712826757
