"ntrees","mtry","OOB_RMSE"
500,5,0.000261083412151199
500,10,0.000230690219726182
500,15,0.000209489709795581
500,20,0.000202370558826971
500,25,0.000202478725614053
