"ntrees","mtry","OOB_RMSE"
200,16,0.000204236592008926
200,17,0.000204027692216533
200,18,0.000204956338338362
200,19,0.000205747067411165
200,20,0.000207372977454398
200,21,0.000207797358908463
200,22,0.000210302419342799
200,23,0.000210655651804018
200,24,0.000213507617663703
200,25,0.000217287609951214
