"ntrees","mtry","OOB_RMSE"
500,5,0.000268823381745896
500,10,0.000237648570786368
500,15,0.000218075271695698
500,20,0.00021256090002761
500,25,0.000213829883639405
