"ntrees","mtry","OOB_RMSE"
500,5,0.000187644092458233
500,10,0.000177368435863472
500,15,0.000175436180186123
500,20,0.000174062457895195
500,25,0.000173626489440072
500,30,0.000173218938334141
