"ntrees","mtry","OOB_RMSE"
200,16,0.000219254496487017
200,17,0.000220414740966784
200,18,0.000220415259183381
200,19,0.000220466557094547
200,20,0.000221663622966809
200,21,0.000222466017694829
200,22,0.000223773152190489
200,23,0.000223843012613719
200,24,0.000227395584943685
200,25,0.000227509659570659
