"ntrees","mtry","OOB_RMSE"
500,5,0.000180569120701335
500,10,0.000169464525463402
500,15,0.00016744288044789
500,20,0.000165652394176686
500,25,0.000165045858981605
500,30,0.000164750256155111
