"ntrees","mtry","OOB_RMSE"
500,5,0.000260640261549386
500,10,0.000230051060484118
500,15,0.000208334256526146
500,20,0.000201582393679555
500,25,0.000201830868951326
