"ntrees","mtry","OOB_RMSE"
200,16,0.000200162812972342
200,17,0.000201573183574163
200,18,0.000202186162545444
200,19,0.000201568186507431
200,20,0.000202975772990114
200,21,0.00020215355410655
200,22,0.000204496598822265
200,23,0.000206699188034617
200,24,0.000207075729268379
200,25,0.000207921531949831
